crawlersimply,1
desirable,1
ofall,1
aresearch,1
calculate,2
aug,1
contained,1
subcomponents,1
under,1
inappendix,1
workthere,1
every,8
jfuj,1
vast,1
solution,1
vector,8
evaluating,1
speci,1
isused,1
consistent,1
caseone,1
estimates,2
approximation,3
broadgeneral,1
likely,3
7th,1
implemented,3
even,4
iterating,1
ned,2
above,3
nding,2
resilient,1
new,5
net,1
ever,1
consisting,2
thatwhile,1
sinks,1
never,2
intheir,1
logarithmic,2
obtained,2
study,2
robin,1
xv2bu,2
browsing,1
nineth,1
1998abstractthe,1
campaign,1
highly,3
counts,5
total,1
denotes,1
linearly,1
would,3
ranksare,1
highlycited,1
call,1
type,1
until,4
yahoo,2
phone,1
excellent,1
hold,1
must,3
ma,4
work,1
root,2
example,2
give,3
from11web,1
cited,1
550,1
want,4
keep,2
returned,1
end,1
provide,4
beyondthe,1
how,11
answer,3
symposium,1
description,2
after,5
lab,1
jumping,1
danglinglinks,1
law,2
types,3
attempt,2
jectivelyabout,1
thesystem,1
localmaxima,1
keeps,1
democratic,1
order,7
over,11
fall,1
vary,2
itshould,1
alternativenormalization,1
thesis,1
indexingsystem,1
before,2
jority,1
personal,2
better,4
complex,1
erences,3
overcome,1
eugene,1
papersare,1
then,8
them,1
they,6
owers,1
structural,1
eigenvalue,3
randomized,1
representa,1
reasonable,3
each,6
evolve,1
list,3
tosaying,1
used,15
anadvertisement,1
contend,1
network,1
pageranks,4
mccarthy,1
encourage,1
nite,1
reader,1
pageranka,1
linear,3
given,5
free,3
standard,2
createa,1
outedge,1
created,1
starts,1
creates,1
user,15
already,1
features,2
rank,17
testsof,1
megabytes,1
annotated,1
top,6
bienvenido,1
annotates,1
compromise,1
too,1
john,6
ranging,1
tool,1
whichhave,1
jj1,3
crawl,5
toronto,1
iteration,1
second,1
design,2
solely,1
extracting,1
sees,1
rewrite,1
seen,1
providesconsiderable,1
thisassignment,1
causing,1
explanation,1
blue,1
bealmost,1
what,4
victoria,1
anatomy,1
queryfor,1
involving,1
iterate,3
nodeis,1
contain,1
professor,1
vertices,1
aspublication,1
sorts,1
mailing,2
sum,1
heuristics,1
ects,1
random,18
speedup,1
attempts,1
haveavery,1
implementation,2
thecase,1
oct,1
do,7
assignment,1
di,11
de,8
scientometricsand,1
altavista,1
despite,1
andlink,1
chanathip,1
bar,1
justfrom,1
biastheir,1
fair,1
depends,1
result,2
best,1
techniques,2
said,3
r,5
mustbe,1
approach,1
we,70
terms,1
extend,1
visualization,1
anexample,1
news,2
improve,1
essentially,2
merging,1
urls,6
foran,1
comparethese,1
tond,1
pitkow,1
wider,1
conference,3
posting1asking,1
engines,7
basis,1
formalizes,1
inlocal,1
been,7
quickly,4
doublinglife,1
much,5
interest,2
catch,1
worked,1
has,28
publicly,1
suppose,1
aid,1
balance,1
anchor,1
characterizing,1
remembering,1
georgiainstitue,1
is,135
ir,1
consequentlythis,1
it,44
cant,4
in,95
comparative,1
trusted,1
if,20
lessstrict,1
proceedingsof,1
things,2
make,3
any,11
mukherjea,1
avoids,1
several,3
fairly,1
auser,1
avector,1
normalization,1
kept,2
academic,7
greatest,1
the,340
left,2
just,5
distribute,1
aside,1
identify,1
human,4
followed,2
previous,3
adding,1
had,1
disparity,1
collections,1
cations,1
save,1
pagerankin,1
possible,2
candidatesfor,1
unique,3
51,1
50,1
52,1
www,2
right,1
deal,5
people,7
withjjejj1,1
for,70
shownare,1
cially,1
thereaders,1
repository,1
archived,1
peer,1
properties,1
months,1
o,1
trustworthy,2
slightly,1
multiply,1
outedges,2
urlswith,1
methods,1
initial,3
stuck,2
way,6
was,9
form,2
removes,1
idealized,1
pagerank,72
removed,2
whosetitles,1
maturing,1
glaringly,1
150,2
computing,3
covers,1
exist,1
no,6
authoritative,2
nd,3
theycan,1
papers,1
test,3
nu,1
node,2
welcome,1
uniformly,1
billion,1
otherlinks,1
time,6
serious,1
managed,1
ron,1
forthe,2
global,1
computation,3
anynondegenerate,1
remarkably,1
devoted,1
graph,14
technique,2
environment,1
0,1
text,4
advantage,1
choice,2
interestingto,1
thesema,1
trouble,1
insigni,1
level,1
did,2
turns,4
discrete,1
recall,2
speculation,1
underspeci,1
discover,1
cost,1
resultswe,1
jjr0,1
sampleresults,1
axes,1
uniform,4
current,7
international,5
jjri,1
downloaded,3
based,8
along,1
change,1
institute,1
veryuseful,1
commonly,2
navigation,1
tasks,2
useful,1
helpthe,1
problematic,1
prefer,1
mergingthe,1
bookmarks,1
byavery,1
visit,1
scenarios,1
memory,1
scope,2
clicking,1
appendix,2
everywhere,1
cases,1
creatingand,1
valued,1
ibm,2
levelservers,1
values,2
can,28
following,2
making,3
neera,1
claim,1
figure,6
predict,1
topic,3
performed,2
counting,4
discussion,1
1,6
immune,1
gar,1
optimal,2
map,1
huge,2
may,13
applications,1
produce,1
such,8
journals,1
man,1
compressing,1
so,7
representation,1
typical,1
webpage,1
displayed,2
professors,1
course,2
experiments,3
still,1
jock,1
group,1
interesting,7
forms,1
listing,2
mail,1
encompassed,1
webbase,1
views,2
introduce,1
scaling,1
lunch,1
countshaveanumber,1
half,2
not,17
theyclick,1
discuss,2
ject,1
james,4
entirely,1
square,1
ed,6
challenges,1
ensureshigh,1
factors,3
looking,4
representativepages,1
linksone,1
factorsin,1
correct,2
shows,3
theory,4
ort,1
million,15
seventh,2
quite,5
rows,1
sinkwhere,1
couldnot,1
518,1
view,4
think,1
first,1
intuition,2
omitted,1
theirpages,1
one,10
long,2
directly,2
impossible,1
message,1
size,3
little,1
accessdata,1
returns,1
2,3
gives,1
mining,1
fraction,2
that,69
atthe,2
sensiblesince,1
than,14
11,1
wide,7
15,3
16,1
hypertextualcitation,1
accesses,1
future,3
were,4
implementedpagerank,1
accessed,1
and,81
pro,2
considerableadditional,1
searchto,1
andusers,1
propagation,1
consortium,1
converges,2
note,7
take,2
online,1
personalized,5
begin,1
multiple,2
normal,1
track,1
successive,1
pair,1
analytically,1
pages,56
webwhile,1
regardlessof,1
average,4
steady,1
professional,1
shot,1
forlooking,1
show,6
cheap,1
help,3
hyperlinked,1
title,5
thegraph,1
behind,1
only,7
going,2
sincejjr0,1
ranking,10
get,3
erent,7
suggest,1
pagesalthough,1
intuitive,3
scott,1
where,6
thatpoint,2
relative,3
points,3
links161,1
sites,8
3,1
percentiles,1
between,3
reading,1
notice,3
parent,1
screen,1
condensing,1
mccarthythat,1
article,1
ja,1
many,14
according,1
called,5
scoresover,1
s,2
authoring,1
becauseof,1
overview,1
period,1
withfew,1
exploit,2
iterations,2
je,1
pagesthat,1
computation322,1
propagationof,1
mark,1
aresometimes,1
arti,1
engine,9
scrupulously,1
careful,1
case,9
these,12
intereststhese,1
consulted,1
focussed,1
characteristics,1
cluster,1
bias,1
author,1
seeking,1
informationabout,1
same,2
html,1
speech,1
document,1
ectively,1
percentilejohn,1
driver,1
junghoo,1
edges,1
pagewith,1
roughly,5
without,1
model,3
minuteson,1
consisted,1
satis,1
being,1
when,5
tobe,1
seems,6
except,1
4,2
likelyto,1
exernal,1
pagesthemselves,1
using,10
willreturn,1
forcomputing,1
server,2
t,2
reduced,1
alarge,1
competition,1
matching,2
calculationthis,1
overly,1
sucha,1
provides,2
backlink,4
refer,1
measuring,1
process,4
ourmultiquery,1
sixth,2
equivalent,1
on,61
central,2
of,250
discussed,2
ob,2
acm,4
greatly,1
ow,1
or,11
cambridge,1
references,1
determine,1
implementationas,1
your,1
log,3
there,22
start,2
low,4
lot,1
assumes,1
databases5,1
predictorone,1
sophisticated,1
trying,1
with,33
abused,1
datasets,1
applying,1
stanford,10
default,1
thepeople,1
continuein,1
eigenvector,4
ai,1
citation,15
replicable,1
general,1
as,44
at,13
walks,2
corresponding,1
fromthe,1
hit,1
notadequate,1
andrecompute,1
novice,1
searchengine,3
implementationwe,1
immunity,1
proliferate,1
collaborative,2
separate,1
students,2
important,12
givespreference,1
u,4
starting,1
original,1
all,23
aboutve,1
consider,2
pointing,2
sergey,2
messy,1
disk,2
children,1
pornographic,2
ts,2
to,169
andattention,1
th,1
stochastic,1
nodes,4
heterogeneity,1
homepage,1
norm,1
ofthe,4
straightforward,1
very,17
databaseof,1
decide,3
got,1
difference,1
evaluation,4
motivationthe,1
large,13
adjust,1
small,6
neighborhood,1
pagenames,1
zero,1
intricatelyawed,1
perspective,2
further,1
ribbon,1
webjanuary,1
sub,1
deeply,1
section,5
brief,1
version,2
gi,1
method,4
contrast,1
outgoing,1
full,4
storywill,1
component,1
surfer,8
hours,1
canbe,1
search,30
allows,2
amount,1
extremes,1
via,1
userwho,1
analyzing,1
ating,1
ranksearch,1
conventional,1
takes,2
contains,3
two,7
6,2
taken,1
more,17
integerids,1
tested,1
particular,5
known,2
r0,3
trustworthyor,1
ramana,1
science,3
equation,1
needsof,1
ning,2
v,1
compare,1
linksfigure,1
scan,1
ecting,1
cation,2
numbers,3
sense,2
wished,1
information,15
needs,3
recursive,2
acts,1
simplicity,1
fu,1
thesimpli,1
acmconference,1
tries,1
particularnode,1
concentrating,1
response,1
a,218
short,1
rootpage,1
pagerankthe,2
retrieval,2
alladministrative,1
sloop,1
developed,2
hypertext,3
signi,4
paper,1
through,3
brin,1
its,6
24,4
rapidly,1
solving,1
theintersection,1
thecost,1
systems,2
might,4
colleague,1
good,7
return,4
spertus,1
propose,1
manytimes,1
accumulate,1
speculate,1
thathad,1
always,2
found,3
another,3
weight,2
thatwith,1
hard,1
idea,1
edged,1
beyond,1
athis,1
since,9
research,1
wolverine,5
7,1
issue,1
lawrence,2
reason,2
proxy,5
generate,2
backlinks,14
ability,1
utilizes,1
probability,2
relate,1
number,18
isnot,1
canhelp,1
passes,1
story,1
introduction,1
rates,1
store,1
listed,1
immediate,1
part,2
authors,1
believe,2
kind,6
b,1
onan,1
calculation8,1
datastructures,1
built,2
also,5
costs,1
build,2
proxywe,1
added,2
most,6
75,3
extremely,4
clear,1
oating,1
traditional,1
thisseems,1
microsoft,1
andthe,1
hyper,1
engineis,1
veryhigh,1
distributed,1
factor,7
8,1
his,2
crawlable,1
notation,1
allweb,1
famous,1
competing,1
during,1
silk,1
generally,2
bytes,1
remove,2
pagerankan,1
common,9
activity,1
obscure,2
bars,1
set,5
toone,1
startup,1
see,6
individual,1
are,40
close,1
wideweb,1
probably,1
available,2
recently,1
attention,2
ranked,2
both,6
c,7
improved,1
hyperlink,1
annual,1
context,1
formore,1
particularpage,1
whole,1
simpli,4
point,3
simple,9
corresponds,8
community,2
simply,12
webelieve,2
ensures,1
publishing,2
create,1
describes,1
convert,1
else,1
understand,2
look,2
conclusionin,1
while,2
behavior,1
ful,1
mitchell,1
expander,3
loop,5
30,1
includecopyright,1
virtually,1
higher,6
literature,1
comprehensive,1
pointvalues,1
uses,3
purpose,2
iterations10100100010000100000100000010000000100000000total,1
assortment,1
recent,2
eigenvectors,1
task,2
database,9
percentages,1
spent,1
analysis,2
edge,1
convergesto,1
weissdiscuss,1
spend,1
exploits,1
world,6
sougata,2
ective,1
informal,1
signals,1
source,3
location,1
input,1
march,1
demands,1
showing,1
emanating,1
orimportance,1
quest,1
helpful,1
isthe,1
d,2
areal,1
should,6
ignore,1
impacton,1
yields,1
mathematical,2
google,5
often,1
some,18
back,3
trends,1
experienced,1
examples,1
scale,2
per,2
tends,1
iterationconvergence,1
be,58
run,1
300,1
jumps,2
bu,1
step,2
percentile,3
santa,2
by,19
ofbacklinks,1
justi,3
modelthe,1
massimo,1
theissue,1
citationcounting,1
into,4
within,2
servers,1
appropriate,1
clustering,1
statistics,1
aresome,1
useshalf,1
question,1
fast,1
forward,4
considerably,2
audacious,1
larry,1
link,26
repeatedly,1
themselves,1
hypertextual,1
consist,2
up,1
us,1
similar,1
caseit,1
ordered,1
parser,1
powerfulparameter,1
single,5
setof,1
propagatingthe,1
amounts,1
nal,1
application,2
pageis,1
ellen,1
department,1
users,5
problems,2
aset,1
william,1
generated,1
applicationsin,1
structure,13
e,23
required,3
holes,1
notion,2
weights,4
broad,1
far,2
hashigh,1
having,1
evenly,1
partial,1
results,11
wolverines,1
go,2
query,10
issues,1
greatto,1
arid,1
helps,1
visualizing,1
include,1
jakob,1
scienti,2
paperswhich,1
pagescurrently,1
cellular,2
mixing,1
entire,1
throughurl,1
thenetscape,1
michael,1
try,3
noted,1
jump,1
imply,1
initialassignment,1
fromnlanr,1
index,2
thistechnique,1
rate,2
facultymember,1
access,5
ofweb,1
experiment,1
body,1
commercial,4
explore,1
let,9
extreme,1
great,4
receive,4
larger,1
thatc,1
suggests,1
resulting,2
opinion,1
implement,1
makes,1
named,2
although,1
therespective,1
propertiesas,1
names,1
apply,2
manipulate,3
standing,1
use,5
ingeneral,1
from,29
next,2
few,4
duplicate,1
haspublished,1
inthe,1
sort,3
comparison,1
inclined,1
pagehas,1
normalized,1
netscape,8
sample,5
account,1
this,55
obvious,2
becausedangling,1
citationcounts,1
control,2
links,22
calculation,5
purposes,1
high,9
bene,3
something,1
dominant,1
theprofessors,1
embarrassingly,1
hypermedianetworks,1
winners,1
gure,1
circular,1
demonstrates,1
whentrying,1
computations,1
correspond,1
allow,3
crawling,4
six,1
nodes7in,1
including,2
mentioned,3
believethere,1
decay,1
chosen,1
ll,1
estimating,2
choose,1
mayeven,1
mention,2
manipulationis,1
usablestructure,1
highusage,1
university,3
trap,1
l1,1
aninteresting,1
doing,1
related,4
society,1
measure,2
our,14
motwani,1
out,8
matrix,3
shouldbe,1
maximized,1
red,1
maintains,1
ect,4
york,1
nition,4
could,6
times,2
length,2
hence,1
powerful,1
intuitively,1
quality,10
trustinformation,1
data,5
system,12
their,12
prone,1
interests,1
completed,2
exactly,1
havea,3
manipulation,5
rst,3
july,1
updating,1
beseen,1
limiting,3
incompleteness,1
kleinberg,1
strategywhich,1
unlikelyto,1
unlikely,1
have,32
need,5
linked,3
viewed,1
complete,1
documents,4
able,4
322,1
which,26
pageranklet,1
who,4
url,5
face,1
graphs,2
proceedings,8
lling,1
databases,1
fact,4
uence,1
textual,1
pageon,1
knowledge,1
dealprimarily,1
cache,4
pageof,1
wantto,1
hector,1
score,1
thousands,1
hope,1
regularly,1
handle,1
means,1
michigan,2
overall,1
givencomplete,1
linksbased,1
tolerance,1
pagerankbased,1
queries,3
cycles,1
caches,1
guessing,1
computed,3
national,1
computer,5
usefulness,1
favor,1
state,1
jective,1
tens,1
email,1
jor,4
ifand,1
importance,5
joe,1
problem,6
jon,1
david,1
forrating,1
nobelprize,1
goal,3
taking,1
april,2
rami,1
walk,7
nitely,1
modeling,2
cs,5
table,1
allocated,1
addition,2
treat,1
biomedical,1
thevast,1
diversity,1
an,35
present,1
whichis,1
unlike,2
value,1
will,12
thetitles,1
hubs,1
ve,1
site,5
cweb,1
capture,1
pagesengineered,1
largest,1
units,1
gets,2
incorrect,2
experimented,1
abounds,1
phd,1
someweb,1
well,6
thefuture,1
thought,1
theset,1
comparisons,1
goodcommon,1
less,1
sources,1
underlying,1
testbed,1
jectively,1
web,89
a5random,1
arandom,1
reasons,1
add,1
usage,3
match,2
tests,1
increases,1
know,2
largehypertext,1
you,3
like,8
lost,1
severalnational,1
works,1
page,48
inexperienced,1
crawler,1
accessible,2
because,10
searching,2
library,1
growth,1
choosing,1
home,20
peter,2
roughly45,1
cananswer,1
injuly,1
considerablecontextual,1
does,2
gettingstrategies,1
dangling,9
journal,1
expansion,2
8figure,1
wewant,1
viewtitle,1
periodically,3
thataltavista,1
about,9
actual,3
column,1
interlinked,1
searchand,1
nds,2
predictor,3
software,1
own,1
utility,1
additional,1
largecollections,1
claram,2
terminates,1
thanacademic,1
function,2
buy,1
but,15
volume,2
hierarchical,2
goals,1
convergence,6
highest,3
count,4
made,2
compute,2
instructive,1
whether,1
convince,1
demonstrate,2
distribution,5
itis,1
display,1
contribute,1
webpages,2
authority,1
numberof,1
functions,1
compared,4
variety,3
corporation,1
45,1
detail,1
other,8
details,1
branch,1
rapidlyis,1
dividedamong,1
june,1
inherently,1
precision,1
searches,1
auxiliary,1
ranks,7
nlanr,1
simplybecause,1
volumes,1
searched,1
determination,1
